,0
4640,https://www.cosme.net/product/product_id/291364/top
4641,https://www.cosme.net/product/product_id/291363/top
4642,https://www.cosme.net/product/product_id/291348/top
4643,https://www.cosme.net/product/product_id/291347/top
4644,https://www.cosme.net/product/product_id/291332/top
4645,https://www.cosme.net/product/product_id/291260/top
4646,https://www.cosme.net/product/product_id/291237/top
4647,https://www.cosme.net/product/product_id/291228/top
4648,https://www.cosme.net/product/product_id/291157/top
4649,https://www.cosme.net/product/product_id/291149/top
4650,https://www.cosme.net/product/product_id/291109/top
4651,https://www.cosme.net/product/product_id/291108/top
4652,https://www.cosme.net/product/product_id/291081/top
4653,https://www.cosme.net/product/product_id/291067/top
4654,https://www.cosme.net/product/product_id/291063/top
4655,https://www.cosme.net/product/product_id/291062/top
4656,https://www.cosme.net/product/product_id/291053/top
4657,https://www.cosme.net/product/product_id/291052/top
4658,https://www.cosme.net/product/product_id/291048/top
4659,https://www.cosme.net/product/product_id/291046/top
4660,https://www.cosme.net/product/product_id/291038/top
4661,https://www.cosme.net/product/product_id/291037/top
4662,https://www.cosme.net/product/product_id/291031/top
4663,https://www.cosme.net/product/product_id/291030/top
4664,https://www.cosme.net/product/product_id/290756/top
4665,https://www.cosme.net/product/product_id/290706/top
4666,https://www.cosme.net/product/product_id/290699/top
4667,https://www.cosme.net/product/product_id/290695/top
4668,https://www.cosme.net/product/product_id/290677/top
4669,https://www.cosme.net/product/product_id/290641/top
4670,https://www.cosme.net/product/product_id/290631/top
4671,https://www.cosme.net/product/product_id/290599/top
4672,https://www.cosme.net/product/product_id/290579/top
4673,https://www.cosme.net/product/product_id/290540/top
4674,https://www.cosme.net/product/product_id/290539/top
4675,https://www.cosme.net/product/product_id/290531/top
4676,https://www.cosme.net/product/product_id/290530/top
4677,https://www.cosme.net/product/product_id/290528/top
4678,https://www.cosme.net/product/product_id/290523/top
4679,https://www.cosme.net/product/product_id/290522/top
4680,https://www.cosme.net/product/product_id/290518/top
4681,https://www.cosme.net/product/product_id/290508/top
4682,https://www.cosme.net/product/product_id/290491/top
4683,https://www.cosme.net/product/product_id/290490/top
4684,https://www.cosme.net/product/product_id/290468/top
4685,https://www.cosme.net/product/product_id/290421/top
4686,https://www.cosme.net/product/product_id/290400/top
4687,https://www.cosme.net/product/product_id/290365/top
4688,https://www.cosme.net/product/product_id/290324/top
4689,https://www.cosme.net/product/product_id/290253/top
4690,https://www.cosme.net/product/product_id/290161/top
4691,https://www.cosme.net/product/product_id/290123/top
4692,https://www.cosme.net/product/product_id/290122/top
4693,https://www.cosme.net/product/product_id/290100/top
4694,https://www.cosme.net/product/product_id/290082/top
4695,https://www.cosme.net/product/product_id/289968/top
4696,https://www.cosme.net/product/product_id/289963/top
4697,https://www.cosme.net/product/product_id/289944/top
4698,https://www.cosme.net/product/product_id/289932/top
4699,https://www.cosme.net/product/product_id/289925/top
4700,https://www.cosme.net/product/product_id/289924/top
4701,https://www.cosme.net/product/product_id/289907/top
4702,https://www.cosme.net/product/product_id/289906/top
4703,https://www.cosme.net/product/product_id/289785/top
4704,https://www.cosme.net/product/product_id/289754/top
4705,https://www.cosme.net/product/product_id/289741/top
4706,https://www.cosme.net/product/product_id/289735/top
4707,https://www.cosme.net/product/product_id/289637/top
4708,https://www.cosme.net/product/product_id/289322/top
4709,https://www.cosme.net/product/product_id/289278/top
4710,https://www.cosme.net/product/product_id/289186/top
4711,https://www.cosme.net/product/product_id/289185/top
4712,https://www.cosme.net/product/product_id/289182/top
4713,https://www.cosme.net/product/product_id/289130/top
4714,https://www.cosme.net/product/product_id/288694/top
4715,https://www.cosme.net/product/product_id/288273/top
4716,https://www.cosme.net/product/product_id/288108/top
4717,https://www.cosme.net/product/product_id/288063/top
4718,https://www.cosme.net/product/product_id/287969/top
4719,https://www.cosme.net/product/product_id/287706/top
4720,https://www.cosme.net/product/product_id/287688/top
4721,https://www.cosme.net/product/product_id/287680/top
4722,https://www.cosme.net/product/product_id/287651/top
4723,https://www.cosme.net/product/product_id/287634/top
4724,https://www.cosme.net/product/product_id/287559/top
4725,https://www.cosme.net/product/product_id/287503/top
4726,https://www.cosme.net/product/product_id/287410/top
4727,https://www.cosme.net/product/product_id/287317/top
4728,https://www.cosme.net/product/product_id/286918/top
4729,https://www.cosme.net/product/product_id/286887/top
4730,https://www.cosme.net/product/product_id/286746/top
4731,https://www.cosme.net/product/product_id/286745/top
4732,https://www.cosme.net/product/product_id/286740/top
4733,https://www.cosme.net/product/product_id/286739/top
4734,https://www.cosme.net/product/product_id/286661/top
4735,https://www.cosme.net/product/product_id/286660/top
4736,https://www.cosme.net/product/product_id/286659/top
4737,https://www.cosme.net/product/product_id/286657/top
4738,https://www.cosme.net/product/product_id/286565/top
4739,https://www.cosme.net/product/product_id/286498/top
4740,https://www.cosme.net/product/product_id/286497/top
4741,https://www.cosme.net/product/product_id/286411/top
4742,https://www.cosme.net/product/product_id/286410/top
4743,https://www.cosme.net/product/product_id/286336/top
4744,https://www.cosme.net/product/product_id/286306/top
4745,https://www.cosme.net/product/product_id/286292/top
4746,https://www.cosme.net/product/product_id/286249/top
4747,https://www.cosme.net/product/product_id/286198/top
4748,https://www.cosme.net/product/product_id/286105/top
4749,https://www.cosme.net/product/product_id/286079/top
4750,https://www.cosme.net/product/product_id/286067/top
4751,https://www.cosme.net/product/product_id/286066/top
4752,https://www.cosme.net/product/product_id/286025/top
4753,https://www.cosme.net/product/product_id/285970/top
4754,https://www.cosme.net/product/product_id/285914/top
4755,https://www.cosme.net/product/product_id/285817/top
4756,https://www.cosme.net/product/product_id/285816/top
4757,https://www.cosme.net/product/product_id/285815/top
4758,https://www.cosme.net/product/product_id/285812/top
4759,https://www.cosme.net/product/product_id/285646/top
4760,https://www.cosme.net/product/product_id/285578/top
4761,https://www.cosme.net/product/product_id/285337/top
4762,https://www.cosme.net/product/product_id/285336/top
4763,https://www.cosme.net/product/product_id/285333/top
4764,https://www.cosme.net/product/product_id/285285/top
4765,https://www.cosme.net/product/product_id/285082/top
4766,https://www.cosme.net/product/product_id/285076/top
4767,https://www.cosme.net/product/product_id/285044/top
4768,https://www.cosme.net/product/product_id/285016/top
4769,https://www.cosme.net/product/product_id/285015/top
4770,https://www.cosme.net/product/product_id/284899/top
4771,https://www.cosme.net/product/product_id/284897/top
4772,https://www.cosme.net/product/product_id/284873/top
4773,https://www.cosme.net/product/product_id/284869/top
4774,https://www.cosme.net/product/product_id/284836/top
4775,https://www.cosme.net/product/product_id/284737/top
4776,https://www.cosme.net/product/product_id/284687/top
4777,https://www.cosme.net/product/product_id/284548/top
4778,https://www.cosme.net/product/product_id/284544/top
4779,https://www.cosme.net/product/product_id/284542/top
4780,https://www.cosme.net/product/product_id/284476/top
4781,https://www.cosme.net/product/product_id/284382/top
4782,https://www.cosme.net/product/product_id/284187/top
4783,https://www.cosme.net/product/product_id/284156/top
4784,https://www.cosme.net/product/product_id/284129/top
4785,https://www.cosme.net/product/product_id/284052/top
4786,https://www.cosme.net/product/product_id/284051/top
4787,https://www.cosme.net/product/product_id/284037/top
4788,https://www.cosme.net/product/product_id/284036/top
4789,https://www.cosme.net/product/product_id/284012/top
4790,https://www.cosme.net/product/product_id/283991/top
4791,https://www.cosme.net/product/product_id/283984/top
4792,https://www.cosme.net/product/product_id/283982/top
4793,https://www.cosme.net/product/product_id/283978/top
4794,https://www.cosme.net/product/product_id/283939/top
4795,https://www.cosme.net/product/product_id/283888/top
4796,https://www.cosme.net/product/product_id/283838/top
4797,https://www.cosme.net/product/product_id/283824/top
4798,https://www.cosme.net/product/product_id/283782/top
4799,https://www.cosme.net/product/product_id/283778/top
4800,https://www.cosme.net/product/product_id/283757/top
4801,https://www.cosme.net/product/product_id/283732/top
4802,https://www.cosme.net/product/product_id/283689/top
4803,https://www.cosme.net/product/product_id/283640/top
4804,https://www.cosme.net/product/product_id/283624/top
4805,https://www.cosme.net/product/product_id/283580/top
4806,https://www.cosme.net/product/product_id/283500/top
4807,https://www.cosme.net/product/product_id/283475/top
4808,https://www.cosme.net/product/product_id/283457/top
4809,https://www.cosme.net/product/product_id/283207/top
4810,https://www.cosme.net/product/product_id/283183/top
4811,https://www.cosme.net/product/product_id/283156/top
4812,https://www.cosme.net/product/product_id/283143/top
4813,https://www.cosme.net/product/product_id/283098/top
4814,https://www.cosme.net/product/product_id/283096/top
4815,https://www.cosme.net/product/product_id/282990/top
4816,https://www.cosme.net/product/product_id/282974/top
4817,https://www.cosme.net/product/product_id/282930/top
4818,https://www.cosme.net/product/product_id/282895/top
4819,https://www.cosme.net/product/product_id/282626/top
4820,https://www.cosme.net/product/product_id/282619/top
4821,https://www.cosme.net/product/product_id/282609/top
4822,https://www.cosme.net/product/product_id/282539/top
4823,https://www.cosme.net/product/product_id/282493/top
4824,https://www.cosme.net/product/product_id/282488/top
4825,https://www.cosme.net/product/product_id/282487/top
4826,https://www.cosme.net/product/product_id/282361/top
4827,https://www.cosme.net/product/product_id/282360/top
4828,https://www.cosme.net/product/product_id/282315/top
4829,https://www.cosme.net/product/product_id/282268/top
4830,https://www.cosme.net/product/product_id/282266/top
4831,https://www.cosme.net/product/product_id/282262/top
4832,https://www.cosme.net/product/product_id/282234/top
4833,https://www.cosme.net/product/product_id/282208/top
4834,https://www.cosme.net/product/product_id/282185/top
4835,https://www.cosme.net/product/product_id/282173/top
4836,https://www.cosme.net/product/product_id/282154/top
4837,https://www.cosme.net/product/product_id/282061/top
4838,https://www.cosme.net/product/product_id/282034/top
4839,https://www.cosme.net/product/product_id/282016/top
4840,https://www.cosme.net/product/product_id/281916/top
4841,https://www.cosme.net/product/product_id/281811/top
4842,https://www.cosme.net/product/product_id/281810/top
4843,https://www.cosme.net/product/product_id/281809/top
4844,https://www.cosme.net/product/product_id/281789/top
4845,https://www.cosme.net/product/product_id/281727/top
4846,https://www.cosme.net/product/product_id/281684/top
4847,https://www.cosme.net/product/product_id/281632/top
4848,https://www.cosme.net/product/product_id/281629/top
4849,https://www.cosme.net/product/product_id/281625/top
4850,https://www.cosme.net/product/product_id/281624/top
4851,https://www.cosme.net/product/product_id/281617/top
4852,https://www.cosme.net/product/product_id/281615/top
4853,https://www.cosme.net/product/product_id/281608/top
4854,https://www.cosme.net/product/product_id/281603/top
4855,https://www.cosme.net/product/product_id/281602/top
4856,https://www.cosme.net/product/product_id/281578/top
4857,https://www.cosme.net/product/product_id/281555/top
4858,https://www.cosme.net/product/product_id/281554/top
4859,https://www.cosme.net/product/product_id/281551/top
4860,https://www.cosme.net/product/product_id/281513/top
4861,https://www.cosme.net/product/product_id/281508/top
4862,https://www.cosme.net/product/product_id/281496/top
4863,https://www.cosme.net/product/product_id/281495/top
4864,https://www.cosme.net/product/product_id/281480/top
4865,https://www.cosme.net/product/product_id/281478/top
4866,https://www.cosme.net/product/product_id/281427/top
4867,https://www.cosme.net/product/product_id/281364/top
4868,https://www.cosme.net/product/product_id/281227/top
4869,https://www.cosme.net/product/product_id/281213/top
4870,https://www.cosme.net/product/product_id/281179/top
4871,https://www.cosme.net/product/product_id/281177/top
4872,https://www.cosme.net/product/product_id/281132/top
4873,https://www.cosme.net/product/product_id/281129/top
4874,https://www.cosme.net/product/product_id/281081/top
4875,https://www.cosme.net/product/product_id/281066/top
4876,https://www.cosme.net/product/product_id/281063/top
4877,https://www.cosme.net/product/product_id/281047/top
4878,https://www.cosme.net/product/product_id/281045/top
4879,https://www.cosme.net/product/product_id/281021/top
4880,https://www.cosme.net/product/product_id/281005/top
4881,https://www.cosme.net/product/product_id/281003/top
4882,https://www.cosme.net/product/product_id/280965/top
4883,https://www.cosme.net/product/product_id/280937/top
4884,https://www.cosme.net/product/product_id/280799/top
4885,https://www.cosme.net/product/product_id/280769/top
4886,https://www.cosme.net/product/product_id/280737/top
4887,https://www.cosme.net/product/product_id/280648/top
4888,https://www.cosme.net/product/product_id/280639/top
4889,https://www.cosme.net/product/product_id/280493/top
4890,https://www.cosme.net/product/product_id/280445/top
4891,https://www.cosme.net/product/product_id/280441/top
4892,https://www.cosme.net/product/product_id/280399/top
4893,https://www.cosme.net/product/product_id/280392/top
4894,https://www.cosme.net/product/product_id/280391/top
4895,https://www.cosme.net/product/product_id/280378/top
4896,https://www.cosme.net/product/product_id/280364/top
4897,https://www.cosme.net/product/product_id/280317/top
4898,https://www.cosme.net/product/product_id/280305/top
4899,https://www.cosme.net/product/product_id/280025/top
4900,https://www.cosme.net/product/product_id/279961/top
4901,https://www.cosme.net/product/product_id/279846/top
4902,https://www.cosme.net/product/product_id/279844/top
4903,https://www.cosme.net/product/product_id/279779/top
4904,https://www.cosme.net/product/product_id/279689/top
4905,https://www.cosme.net/product/product_id/279687/top
4906,https://www.cosme.net/product/product_id/279608/top
4907,https://www.cosme.net/product/product_id/279604/top
4908,https://www.cosme.net/product/product_id/279422/top
4909,https://www.cosme.net/product/product_id/279348/top
4910,https://www.cosme.net/product/product_id/279309/top
4911,https://www.cosme.net/product/product_id/279241/top
4912,https://www.cosme.net/product/product_id/279088/top
4913,https://www.cosme.net/product/product_id/279064/top
4914,https://www.cosme.net/product/product_id/279053/top
4915,https://www.cosme.net/product/product_id/279052/top
4916,https://www.cosme.net/product/product_id/278999/top
4917,https://www.cosme.net/product/product_id/278966/top
4918,https://www.cosme.net/product/product_id/278955/top
4919,https://www.cosme.net/product/product_id/278861/top
4920,https://www.cosme.net/product/product_id/278822/top
4921,https://www.cosme.net/product/product_id/278821/top
4922,https://www.cosme.net/product/product_id/278672/top
4923,https://www.cosme.net/product/product_id/278583/top
4924,https://www.cosme.net/product/product_id/278527/top
4925,https://www.cosme.net/product/product_id/278525/top
4926,https://www.cosme.net/product/product_id/278520/top
4927,https://www.cosme.net/product/product_id/278457/top
4928,https://www.cosme.net/product/product_id/278448/top
4929,https://www.cosme.net/product/product_id/278437/top
